PATIENT_ID,FBG_YEAR_1,FBG_YEAR_2,FBG_YEAR_3
Patient_1,126,124,NA
Patient_2,NA,NA,148
Patient_3,98,NA,135
Patient_4,102,130,110
Patient_5,118,97,111
Patient_6,120,107,145
Patient_7,107,117,107
Patient_8,119,94,109
Patient_9,159,114,143
Patient_10,96,122,109
Patient_11,145,111,102
Patient_12,105,95,NA
Patient_13,NA,124,NA
Patient_14,122,98,97
Patient_15,161,112,121
Patient_16,NA,126,NA
Patient_17,NA,90,146
Patient_18,97,104,98
Patient_19,105,94,118
Patient_20,94,100,95
Patient_21,96,NA,124
Patient_22,134,95,151
Patient_23,144,98,106
Patient_24,138,143,108
Patient_25,149,126,NA
Patient_26,120,96,98
Patient_27,122,142,101
Patient_28,131,NA,NA
Patient_29,104,134,NA
Patient_30,NA,123,101
Patient_31,NA,152,110
Patient_32,107,114,116
Patient_33,NA,NA,123
Patient_34,118,110,NA
Patient_35,91,94,NA
Patient_36,100,NA,96
Patient_37,141,156,NA
Patient_38,NA,NA,125
Patient_39,125,119,104
Patient_40,95,100,NA
Patient_41,121,92,133
Patient_42,142,158,108
Patient_43,121,94,116
Patient_44,104,109,123
Patient_45,125,148,109
Patient_46,110,154,NA
Patient_47,128,110,145
Patient_48,98,95,NA
Patient_49,NA,155,99
Patient_50,112,152,91
Patient_51,152,112,NA
Patient_52,152,154,98
Patient_53,141,100,106
Patient_54,128,154,NA
Patient_55,126,123,141
Patient_56,113,141,NA
Patient_57,NA,148,117
Patient_58,101,101,116
Patient_59,141,90,99
Patient_60,117,138,147
Patient_61,114,115,NA
Patient_62,99,95,127
Patient_63,122,144,NA
Patient_64,NA,NA,92
Patient_65,91,NA,148
Patient_66,NA,139,NA
Patient_67,118,140,107
Patient_68,127,108,NA
Patient_69,97,111,110
Patient_70,NA,142,119
Patient_71,114,106,152
Patient_72,122,128,NA
Patient_73,97,128,NA
Patient_74,123,92,120
Patient_75,119,97,93
Patient_76,137,156,141
Patient_77,100,112,NA
Patient_78,160,104,119
Patient_79,NA,125,118
Patient_80,103,102,115
Patient_81,133,147,114
Patient_82,102,102,90
Patient_83,NA,118,150
Patient_84,139,108,105
Patient_85,135,117,NA
Patient_86,114,147,104
Patient_87,NA,156,NA
Patient_88,102,116,104
Patient_89,136,92,97
Patient_90,126,104,150
Patient_91,121,150,107
Patient_92,NA,119,NA
Patient_93,92,121,NA
Patient_94,98,95,127
Patient_95,124,116,102
Patient_96,106,135,131
Patient_97,91,128,96
Patient_98,NA,NA,NA
Patient_99,119,94,110
Patient_100,115,146,124
Patient_101,112,114,101
Patient_102,NA,120,132
Patient_103,116,132,119
Patient_104,144,111,NA
Patient_105,108,118,96
Patient_106,135,131,NA
Patient_107,136,98,NA
Patient_108,140,NA,149
Patient_109,161,133,92
Patient_110,126,NA,99
Patient_111,150,131,116
Patient_112,150,NA,121
Patient_113,103,131,126
Patient_114,118,123,NA
Patient_115,123,96,135
Patient_116,NA,120,NA
Patient_117,131,121,100
Patient_118,108,101,101
Patient_119,114,95,142
Patient_120,90,138,NA
Patient_121,143,150,106
Patient_122,NA,155,102
Patient_123,146,121,NA
Patient_124,99,112,91
Patient_125,101,114,NA
Patient_126,127,120,123
Patient_127,157,108,NA
Patient_128,153,117,100
Patient_129,114,106,116
Patient_130,99,99,146
Patient_131,104,112,104
Patient_132,116,97,103
Patient_133,113,109,130
Patient_134,103,145,120
Patient_135,157,NA,131
Patient_136,NA,NA,119
Patient_137,125,126,NA
Patient_138,142,138,159
Patient_139,131,116,93
Patient_140,147,91,109
Patient_141,128,NA,110
Patient_142,147,126,96
Patient_143,134,98,136
Patient_144,115,115,NA
Patient_145,124,159,113
Patient_146,99,141,109
Patient_147,107,NA,124
Patient_148,144,NA,104
Patient_149,154,150,NA
Patient_150,152,151,NA
Patient_151,144,108,NA
Patient_152,97,NA,110
Patient_153,107,115,104
Patient_154,96,96,125
Patient_155,149,155,120
Patient_156,106,158,122
Patient_157,155,112,154
Patient_158,121,128,108
Patient_159,149,115,145
Patient_160,129,105,113
Patient_161,144,145,NA
Patient_162,90,143,129
Patient_163,161,94,108
Patient_164,142,97,126
Patient_165,127,98,99
Patient_166,117,NA,122
Patient_167,157,147,NA
Patient_168,NA,NA,NA
Patient_169,92,NA,104
Patient_170,114,130,147
Patient_171,90,154,90
Patient_172,NA,138,NA
Patient_173,NA,NA,149
Patient_174,104,NA,112
Patient_175,91,97,114
Patient_176,115,120,123
Patient_177,NA,NA,122
Patient_178,117,141,NA
Patient_179,101,126,131
Patient_180,94,99,NA
Patient_181,152,149,115
Patient_182,117,104,111
Patient_183,NA,119,139
Patient_184,98,125,109
Patient_185,112,120,NA
Patient_186,109,122,121
Patient_187,NA,98,NA
Patient_188,115,161,153
Patient_189,113,128,NA
Patient_190,123,NA,144
Patient_191,114,96,NA
Patient_192,152,95,97
Patient_193,NA,117,157
Patient_194,NA,122,120
Patient_195,139,138,97
Patient_196,90,NA,124
Patient_197,128,92,111
Patient_198,NA,114,NA
Patient_199,NA,122,150
Patient_200,94,101,109
